{"cameraMode":{"drawMode":0,"name":"Shaded","section":"Shading Mode"},"sceneLighting":true,"audioPlay":false,"sceneViewState":{"m_AlwaysRefresh":false,"showFog":true,"showSkybox":true,"showFlares":true,"showImageEffects":true,"showParticleSystems":true,"showVisualEffectGraphs":true,"m_FxEnabled":true},"in2DMode":false,"pivot":{"x":0.1389176845550537,"y":0.41300877928733828,"z":-0.46270936727523806},"rotation":{"x":0.005302361212670803,"y":-0.7410106062889099,"z":0.008286096155643464,"w":0.6715759038925171},"size":0.502512514591217,"orthographic":false}